<?xml version="1.0" encoding="UTF-8" ?>
<!DOCTYPE mapper
PUBLIC "-//mybatis.org//DTD Mapper 3.0//EN"
"http://mybatis.org/dtd/mybatis-3-mapper.dtd">
<mapper namespace="com.ren.mapper.DepartmentMapper">
	<select id="getNameById" resultType="String" parameterType="String">
		select departmentname from department where
		departmentid=#{departmentid};
	</select>

	<select id="getAllDepartment" parameterType="String" resultType="Department">
		select *
		from department where departmentname like  CONCAT(CONCAT('%', #{0}), '%');
	</select>

	<select id="getIdByName" resultType="String" parameterType="String" >
		select *
		from department where departmentname=#{departmentname};
	</select>
	
	<select id="getDepartmentByNameLike"  resultType="Department" >
		select * from department where departmentname like  CONCAT(CONCAT('%', #{0}), '%') limit #{1},#{2};
	</select>

	<select id="selectDepartmentById" resultType="Department" parameterType="String">
		select * from department where
		departmentid=#{departmentid};
	</select>
	
	<delete id="deleteDepartment">
		delete from department where departmentid=#{departmentid};
	</delete>
	
	<insert id="saveDepartment" parameterType="Department">
		insert into department(departmentid,departmentname,duty) values(#{departmentid},#{departmentname},#{duty});
	</insert>
	
</mapper>