<?xml version="1.0" encoding="UTF-8" ?>
<!DOCTYPE mapper
PUBLIC "-//mybatis.org//DTD Mapper 3.0//EN"
"http://mybatis.org/dtd/mybatis-3-mapper.dtd">
<mapper namespace="com.ren.mapper.StaffMapper">
	<select id="getAllStaffs" parameterType="String" resultType="Staff">
		select * from staff where staffname like  CONCAT(CONCAT('%', #{0}), '%');
	</select>
	
	<select id="selectStaffById" parameterType="String" resultType="Staff">
		select * from staff where staffid=#{staffid};
	</select>

	<insert id="saveStaff"  parameterType="Staff" useGeneratedKeys="true" keyProperty="staffid">
	insert into staff(staffid,staffname,entrytime,departmentid,salary,sex,age,address,remark) values(#{staffid},#{staffname},#{entrytime},#{departmentid},#{salary},#{sex},#{age},#{address},#{remark});
	</insert>
	
	<update id="updateStaff" parameterType="Staff">
	update staff set staffname=#{staffname},entrytime=#{entrytime},departmentid=#{departmentid},salary=#{salary},sex=#{sex},age=#{age},address=#{address},remark=#{remark} where staffid=#{staffid};
	</update>
	
	<delete id="deleteStaff" parameterType="String">
	delete from staff where staffid=#{staffid};
	</delete>
	
	<select id="getStaffsByNameLike"  resultType="Staff" >
		select * from staff where staffname like  CONCAT(CONCAT('%', #{0}), '%') limit #{1},#{2};
	</select>
	
</mapper>