<?xml version="1.0" encoding="UTF-8" ?>
<!DOCTYPE mapper
PUBLIC "-//mybatis.org//DTD Mapper 3.0//EN"
"http://mybatis.org/dtd/mybatis-3-mapper.dtd">
<mapper namespace="com.ren.mapper.StaffKaoQinMapper">
	
	<select id="getStaffKaoQinsByDay" parameterType="String" resultType="StaffKaoQin">
		select * from kaoqin where day=#{day}
	</select>
	
	<insert id="addStaffKaoQin" parameterType="StaffKaoQin">
		insert into kaoqin values(#{staffid},#{day},#{isonduty});
	</insert>
	
	<update id="updateStaffKaoQin" parameterType="StaffKaoQin">
		update kaoqin set isonduty=#{isonduty} where staffid=#{staffid} and day=#{day};
	</update>
	
	
	<select id="getStaffKaoQin" parameterType="String" resultType="StaffKaoQin">
		select * from kaoqin where staffid=#{0} and day=#{1};
	</select>
</mapper>