<?xml version="1.0" encoding="UTF-8" ?>
<!DOCTYPE configuration
  PUBLIC "-//mybatis.org//DTD Config 3.0//EN"
  "http://mybatis.org/dtd/mybatis-3-config.dtd">
<configuration>

	<!-- 懒加载配置 -->
	<!-- <settings>
		<setting name="lazyLoadingEnabled" value="true" />
		<setting name="aggressiveLazyLoading" value="false" />
	</settings> -->

	<typeAliases>
		<typeAlias alias="User" type="com.ren.model.User" />
		<typeAlias alias="Staff" type="com.ren.model.Staff" />
		<typeAlias alias="Department" type="com.ren.model.Department" />
		<typeAlias alias="StaffKaoQin" type="com.ren.model.StaffKaoQin" />
		<typeAlias alias="DailyCommit" type="com.ren.model.DailyCommit" />
	</typeAliases>

	<mappers>
		<!-- 使用xml映射配置方式 -->
		<mapper class="com.ren.mapper.UserMapper" />
		<mapper class="com.ren.mapper.StaffMapper" />
		<mapper class="com.ren.mapper.DepartmentMapper" />
		<mapper class="com.ren.mapper.StaffKaoQinMapper" />
		<mapper class="com.ren.mapper.DailyCommitMapper" />
	</mappers>

</configuration>